county_name,agency,orinumber,population
ATLANTIC,ABSECON CITY PD,NJ0010100,8252
ATLANTIC,ATLANTIC CITY PD,NJ0010200,38271
ATLANTIC,ATLANTIC CO SHERIFF'S  OFFICE,NJ0010000,0
ATLANTIC,ATLANTIC COUNTY PROSECUTOR'S OFFICE,NJ0018900,0
ATLANTIC,BRIGANTINE PD,NJ0010300,8896
ATLANTIC,BUENA PD,NJ0010400,4405
ATLANTIC,EGG HARBOR CITY PD,NJ0010700,4162
ATLANTIC,EGG HARBOR TWP PD,NJ0010800,43276
ATLANTIC,GALLOWAY TWP PD,NJ0011100,36467
ATLANTIC,HAMILTON TWP PD,NJ0011200,26380
ATLANTIC,HAMMONTON PD,NJ0011300,14311
ATLANTIC,LINWOOD CITY PD,NJ0011400,6822
ATLANTIC,LONGPORT PD,NJ0011500,873
ATLANTIC,MARGATE PD,NJ0011600,6045
ATLANTIC,MULLICA TWP PD,NJ0011700,6005
ATLANTIC,NORTHFIELD PD,NJ0011800,8324
ATLANTIC,PLEASANTVILLE PD,NJ0011900,20799
ATLANTIC,SOMERS POINT PD,NJ0012100,10436
ATLANTIC,SP: ATLANTIC COUNTY,NJ001SP00,11545
ATLANTIC,STOCKTON UNIVERSITY,NJ0012400,0
ATLANTIC,VENTNOR PD,NJ0012200,10182
BERGEN,ALLENDALE PD,NJ0020100,6865
BERGEN,ALPINE PD,NJ0020200,1873
BERGEN,BERGEN CO PROSECUTOR'S OFFICE,NJ0028900,0
BERGEN,BERGEN CO SHERIFF'S DEPT,NJ0020000,0
BERGEN,BERGENFIELD PD,NJ0020300,27684
BERGEN,BOGOTA PD,NJ0020400,8499
BERGEN,CARLSTADT PD,NJ0020500,6252
BERGEN,CLIFFSIDE PARK PD,NJ0020600,25001
BERGEN,CLOSTER PD,NJ0020700,8691
BERGEN,CRESSKILL PD,NJ0020800,8862
BERGEN,DEMAREST PD,NJ0020900,4977
BERGEN,DUMONT PD,NJ0021000,17825
BERGEN,EAST RUTHERFORD PD,NJ0021200,9941
BERGEN,EDGEWATER PD,NJ0021300,12318
BERGEN,ELMWOOD PARK PD,NJ0021100,20277
BERGEN,EMERSON PD,NJ0021400,7679
BERGEN,ENGLEWOOD CLIFFS PD,NJ0021600,5395
BERGEN,ENGLEWOOD PD,NJ0021500,28988
BERGEN,FAIR LAWN PD,NJ0021700,33413
BERGEN,FAIRVIEW PD,NJ0021800,14428
BERGEN,FORT LEE PD,NJ0021900,37729
BERGEN,FRANKLIN LAKES BORO PD,NJ0022000,11191
BERGEN,GARFIELD PD,NJ0022100,32203
BERGEN,GLEN ROCK PD,NJ0022200,11937
BERGEN,HACKENSACK PD,NJ0022300,44926
BERGEN,HARRINGTON PARK PD,NJ0022400,4802
BERGEN,HASBROUCK HEIGHTS PD,NJ0022500,12163
BERGEN,HAWORTH PD,NJ0022600,3463
BERGEN,HILLSDALE PD,NJ0022700,10484
BERGEN,HO-HO-KUS PD,NJ0022800,4139
BERGEN,LEONIA PD,NJ0022900,9175
BERGEN,LITTLE FERRY PD,NJ0023000,10895
BERGEN,LODI PD,NJ0023100,24720
BERGEN,LYNDHURST PD,NJ0023200,22384
BERGEN,MAHWAH TWP PD,NJ0023300,26501
BERGEN,MAYWOOD PD,NJ0023400,9763
BERGEN,MIDLAND PARK PD,NJ0023500,7313
BERGEN,MONTVALE PD,NJ0023600,8729
BERGEN,MOONACHIE PD,NJ0023700,2774
BERGEN,NEW MILFORD PD,NJ0023800,16701
BERGEN,NORTH ARLINGTON PD,NJ0023900,15868
BERGEN,NORTHVALE PD,NJ0024000,4965
BERGEN,NORWOOD PD,NJ0024100,5836
BERGEN,OAKLAND PD,NJ0024200,13102
BERGEN,OLD TAPPAN PD,NJ0024300,5998
BERGEN,ORADELL PD,NJ0024400,8243
BERGEN,PALISADES INTER. PARKWAY PD,NJNPIPP00,0
BERGEN,PALISADES PARK PD,NJ0024500,20888
BERGEN,PARAMUS PD,NJ0024600,26744
BERGEN,PARK RIDGE PD,NJ0024700,8858
BERGEN,RAMSEY PD,NJ0024800,15126
BERGEN,RIDGEFIELD BORO PD,NJ0024900,11329
BERGEN,RIDGEFIELD PARK PD,NJ0025000,13028
BERGEN,RIDGEWOOD VILLAGE PD,NJ0025100,25429
BERGEN,RIVER EDGE PD,NJ0025200,11611
BERGEN,RIVER VALE PD,NJ0025300,10157
BERGEN,ROCHELLE PARK PD,NJ0025400,5648
BERGEN,ROCKLEIGH BOROUGH,NJ0025500,526
BERGEN,RUTHERFORD PD,NJ0025600,18617
BERGEN,SADDLE BROOK PD,NJ0025700,14037
BERGEN,SADDLE RIVER PD,NJ0025800,3230
BERGEN,SOUTH HACKENSACK PD,NJ0025900,2473
BERGEN,STATE POLICE BERGEN COUNTY,NJ002SP00,0
BERGEN,TEANECK PD,NJ0026000,40939
BERGEN,TENAFLY PD,NJ0026100,14742
BERGEN,TETERBORO BOROUGH,NJ0026200,68
BERGEN,UPPER SADDLE RIVER PD,NJ0026300,8330
BERGEN,WALDWICK PD,NJ0026400,10019
BERGEN,WALLINGTON PD,NJ0026500,11676
BERGEN,WASHINGTON TWP PD,NJ0026600,9299
BERGEN,WESTWOOD PD,NJ0026700,11219
BERGEN,WOODCLIFF LAKE PD,NJ0026800,5844
BERGEN,WOOD-RIDGE PD,NJ0026900,9105
BERGEN,WYCKOFF TWP PD,NJ0027000,17161
BURLINGTON,BEVERLY CITY PD,NJ0030200,2497
BURLINGTON,BORDENTOWN CITY PD,NJ0030300,3823
BURLINGTON,BORDENTOWN TWP  PD,NJ0030400,12323
BURLINGTON,BURLINGTON CITY PD,NJ0030500,9817
BURLINGTON,BURLINGTON CO PROSECUTORS OFFICE,NJ0038900,0
BURLINGTON,BURLINGTON COUNTY SHERIFF'S OFFICE,NJ0030000,0
BURLINGTON,BURLINGTON TWP PD,NJ0030600,22857
BURLINGTON,CHESTERFIELD TWP PD,NJ0030700,7567
BURLINGTON,CINNAMINSON PD,NJ0030800,16630
BURLINGTON,DELANCO TWP PD,NJ0030900,4509
BURLINGTON,DELRAN TWP PD,NJ0031000,16579
BURLINGTON,EASTAMPTON TWP PD,NJ0031100,5940
BURLINGTON,EDGEWATER PARK TWP PD,NJ0031200,8713
BURLINGTON,EVESHAM TWP PD,NJ0031300,45354
BURLINGTON,FIELDSBORO PD,NJ0031400,529
BURLINGTON,FLORENCE TWP PD,NJ0031500,12748
BURLINGTON,LUMBERTON TWP PD,NJ0031800,12253
BURLINGTON,MANSFIELD TWP PD,NJ0031900,8577
BURLINGTON,MAPLE SHADE PD,NJ0032000,18772
BURLINGTON,MEDFORD LAKES PD,NJ0032200,3995
BURLINGTON,MEDFORD TWP PD,NJ0032100,23558
BURLINGTON,MOORESTOWN PD,NJ0032300,20510
BURLINGTON,MOUNT HOLLY PD,NJ0032400,9658
BURLINGTON,MOUNT LAUREL TWP PD,NJ0032500,41629
BURLINGTON,NEW HANOVER TWP PD,NJ0032600,7504
BURLINGTON,NORTH HANOVER TWP PD,NJ0032700,7518
BURLINGTON,PALMYRA BORO PD,NJ0032800,7198
BURLINGTON,PEMBERTON BORO PD,NJ0032900,1331
BURLINGTON,PEMBERTON TWP PD,NJ0033000,27212
BURLINGTON,RIVERSIDE PD,NJ0033100,7875
BURLINGTON,RIVERTON BORO PD,NJ0033200,2698
BURLINGTON,SPRINGFIELD TWP PD,NJ0033500,3280
BURLINGTON,STATE POLICE BURLINGTON COUNTY,NJ003SP00,27877
BURLINGTON,WESTAMPTON TWP PD,NJ0033800,8752
BURLINGTON,WILLINGBORO PD,NJ0031700,32124
CAMDEN,AUDUBON PARK PD,NJ0040200,997
CAMDEN,AUDUBON PD,NJ0040100,8599
CAMDEN,BARRINGTON PD,NJ0040300,6661
CAMDEN,BELLMAWR PD,NJ0040400,11312
CAMDEN,BERLIN BORO PD,NJ0040500,7495
CAMDEN,BERLIN TWP PD,NJ0040600,5532
CAMDEN,BROOKLAWN PD,NJ0040700,1904
CAMDEN,CAMDEN CO PROSECUTOR'S OFFICE,NJ0048900,0
CAMDEN,CAMDEN CO SHERIFF'S DEPT,NJ0040000,0
CAMDEN,CAMDEN PD,NJ0040800,73140
CAMDEN,CHERRY HILL TWP PD,NJ0041200,70578
CAMDEN,CHESILHURST PD,NJ0040900,1617
CAMDEN,CLEMENTON BORO PD,NJ0041000,4887
CAMDEN,COLLINGSWOOD PD,NJ0041100,13843
CAMDEN,DELAWARE RIVER PORT AUTHORITY,NJNDRPA00,0
CAMDEN,GIBBSBORO PD,NJ0041300,2211
CAMDEN,GLOUCESTER CITY PD,NJ0041400,11167
CAMDEN,GLOUCESTER TWP PD,NJ0041500,63198
CAMDEN,HADDON HEIGHTS PD,NJ0041800,7497
CAMDEN,HADDON TWP PD,NJ0041600,14500
CAMDEN,HADDONFIELD PD,NJ0041700,11253
CAMDEN,HI-NELLA POLICE DEPARTMENT,NJ0041900,855
CAMDEN,LAUREL SPRINGS PD,NJ0042000,1856
CAMDEN,LAWNSIDE BORO PD,NJ0042100,2875
CAMDEN,LINDENWOLD BORO PD,NJ0042200,17204
CAMDEN,MAGNOLIA PD,NJ0042300,4237
CAMDEN,MERCHANTVILLE PD,NJ0042400,3712
CAMDEN,MT. EPHRAIM PD,NJ0042500,4565
CAMDEN,OAKLYN BORO PD,NJ0042600,3934
CAMDEN,PENNSAUKEN TWP PD,NJ0042700,35420
CAMDEN,PINE HILL PD,NJ0042800,10431
CAMDEN,PINE VALLEY BORO PD,NJ0042900,11
CAMDEN,RUNNEMEDE PD,NJ0043000,8261
CAMDEN,RUTGERS UNIV CAMPUS PD,NJ0043900,0
CAMDEN,SOMERDALE PD,NJ0043100,5484
CAMDEN,STATE POLICE CAMDEN COUNTY,NJ004SP00,0
CAMDEN,STRATFORD BORO PD,NJ0043200,6913
CAMDEN,VOORHEES TWP PD,NJ0043400,29071
CAMDEN,WATERFORD TWP PD,NJ0043500,10641
CAMDEN,WINSLOW TWP PD,NJ0043600,38382
CAMDEN,WOODLYNNE PD,NJ0043700,2902
CAPE MAY,AVALON BORO PD,NJ0050100,1258
CAPE MAY,CAPE MAY CITY PD,NJ0050200,3463
CAPE MAY,CAPE MAY CO PROSECUTOR'S OFFICE,NJ0058900,0
CAPE MAY,CAPE MAY CO SHERIFF'S OFFICE,NJ0050000,0
CAPE MAY,CAPE MAY POINT BORO PD,NJ0050300,277
CAPE MAY,LOWER TWP PD,NJ0050500,21617
CAPE MAY,MIDDLE TWSP PD,NJ0050600,18358
CAPE MAY,NORTH WILDWOOD CITY PD,NJ0050700,3816
CAPE MAY,OCEAN CITY PD,NJ0050800,11138
CAPE MAY,SEA ISLE CITY PD,NJ0050900,2061
CAPE MAY,STATE POLICE CAPE MAY COUNTY,NJ005SP00,19201
CAPE MAY,STONE HARBOR BORO PD,NJ0051000,816
CAPE MAY,WEST CAPE MAY BORO PD,NJ0051200,1015
CAPE MAY,WEST WILDWOOD BORO PD,NJ0051300,561
CAPE MAY,WILDWOOD CREST BORO PD,NJ0051500,3116
CAPE MAY,WILDWOOD PD,NJ0051400,5035
CUMBERLAND,BRIDGETON PD,NJ0060100,24386
CUMBERLAND,CUMBERLAND CO PROSECUTOR'S OFFICE,NJ0068900,0
CUMBERLAND,CUMBERLAND CO SHERIFF'S DEPT,NJ0060000,0
CUMBERLAND,MILLVILLE PD,NJ0061000,27837
CUMBERLAND,STATE POLICE CUMBERLAND COUNTY,NJ006SP00,37262
CUMBERLAND,VINELAND PD,NJ0061400,60330
ESSEX,BELLEVILLE PD,NJ0070100,36075
ESSEX,BLOOMFIELD PD,NJ0070200,50777
ESSEX,CALDWELL PD,NJ0070300,7999
ESSEX,CEDAR GROVE PD,NJ0070500,12566
ESSEX,EAST ORANGE PD,NJ0070600,64625
ESSEX,ESSEX CO PROSECUTOR'S OFFICE,NJ0078900,0
ESSEX,ESSEX CO SHERIFF'S OFFICE,NJ0070000,0
ESSEX,ESSEX COUNTY COLLEGE PD,NJ0073100,0
ESSEX,ESSEX FELLS PD,NJ0070700,2109
ESSEX,FAIRFIELD PD,NJ0070400,7528
ESSEX,GLEN RIDGE PD,NJ0070800,7622
ESSEX,IRVINGTON PD,NJ0070900,54220
ESSEX,LIVINGSTON PD,NJ0071000,29820
ESSEX,MAPLEWOOD PD,NJ0071100,24635
ESSEX,MILLBURN PD,NJ0071200,20250
ESSEX,MONTCLAIR PD,NJ0071300,38893
ESSEX,MONTCLAIR STATE COLLEGE PD,NJ0072800,0
ESSEX,NEW JERSEY INSTITUTE OF TECHNOLOGY,NJ0072700,0
ESSEX,NEW JERSEY TRANSIT POLICE,NJ0073200,0
ESSEX,NEWARK PD,NJNPD0000,282258
ESSEX,NORTH CALDWELL PD,NJ0071500,6716
ESSEX,NUTLEY PD,NJ0071600,28596
ESSEX,ORANGE PD,NJ0071700,30449
ESSEX,ROSELAND PD,NJ0071800,5867
ESSEX,RUTGERS NEWARK CAMPUS,NJ0073000,0
ESSEX,SOUTH ORANGE PD,NJ0071900,16880
ESSEX,STATE POLICE ESSEX COUNTY,NJ007SP00,0
ESSEX,VERONA PD,NJ0072000,13437
ESSEX,WEST CALDWELL PD,NJ0072100,10912
ESSEX,WEST ORANGE PD,NJ0072200,48071
GLOUCESTER,CLAYTON PD,NJ0080100,8624
GLOUCESTER,DEPTFORD TWP PD,NJ0080200,30137
GLOUCESTER,EAST GREENWICH TWP PD,NJ0080300,10504
GLOUCESTER,ELK TWP PD,NJ0080400,4116
GLOUCESTER,FRANKLIN TWP PD,NJ0080500,16225
GLOUCESTER,GLASSBORO PD,NJ0080600,19938
GLOUCESTER,GLOUCESTER CO PROSECUTOR'S OFFICE,NJ0088900,0
GLOUCESTER,GLOUCESTER CO SHERIFF'S DEPT,NJ0080000,0
GLOUCESTER,GREENWICH TWP PD,NJ0080700,4769
GLOUCESTER,HARRISON TWP PD,NJ0080800,12915
GLOUCESTER,LOGAN TWP PD,NJ0080900,5844
GLOUCESTER,MANTUA TWP PD,NJ0081000,14772
GLOUCESTER,MONROE TWP PD,NJ0081100,36498
GLOUCESTER,NATIONAL PARK PD,NJ0081200,2934
GLOUCESTER,NEWFIELD PD,NJ0081300,1535
GLOUCESTER,PAULSBORO PD,NJ0081400,5812
GLOUCESTER,PITMAN PD,NJ0081500,8696
GLOUCESTER,ROWAN UNIVERSITY OF NJ,NJ0082600,0
GLOUCESTER,SOUTH HARRISON PD,NJ0081600,3118
GLOUCESTER,STATE POLICE GLOUCESTER COUNTY,NJ008SP00,0
GLOUCESTER,SWEDESBORO PD,NJ0081700,2557
GLOUCESTER,WASHINGTON TWP PD,NJ0081800,47024
GLOUCESTER,WENONAH PD,NJ0081900,2201
GLOUCESTER,WEST DEPTFORD TWP PD,NJ0082000,20889
GLOUCESTER,WESTVILLE PD,NJ0082100,4121
GLOUCESTER,WOODBURY CITY PD,NJ0082200,9746
GLOUCESTER,WOODBURY HEIGHTS PD,NJ0082300,2944
GLOUCESTER,WOOLWICH TWP PD,NJ0082400,12636
HUDSON,BAYONNE PD,NJ0090100,66824
HUDSON,EAST NEWARK PD,NJ0090200,2740
HUDSON,GUTTENBERG PD,NJ0090300,11602
HUDSON,HARRISON PD,NJ0090400,18058
HUDSON,HOBOKEN PD,NJ0090500,55096
HUDSON,HUDSON CO PROSECUTOR' OFF - S/FORCE,NJ0098900,0
HUDSON,HUDSON CO SHERIFF'S DEPT,NJ0090000,0
HUDSON,JERSEY CITY PD,NJ0090600,270175
HUDSON,KEARNY PD,NJ0090700,42339
HUDSON,NORTH BERGEN PD,NJ0090800,63166
HUDSON,PORT AUTHORITY OF NY AND NJ,NJNYPOA00,0
HUDSON,SECAUCUS PD,NJ0090900,20482
HUDSON,STATE POLICE HUDSON COUNTY,NJ009SP00,0
HUDSON,STEVENS INSTITUTE OF TECHNOLOGY,NJ009149E,0
HUDSON,UNION CITY PD,NJ0091000,69950
HUDSON,WEEHAWKEN PD,NJ0091100,15567
HUDSON,WEST NEW YORK PD,NJ0091200,54095
HUNTERDON,CALIFON BOROUGH,NJ0100400,1068
HUNTERDON,CLINTON TOWN PD,NJ0100500,2699
HUNTERDON,CLINTON TWP PD,NJ0100600,12824
HUNTERDON,DELAWARE TWP PD,NJ0100700,4461
HUNTERDON,FLEMINGTON PD,NJ0100900,4627
HUNTERDON,FRANKLIN TWP PD,NJ0101000,3238
HUNTERDON,FRENCHTOWN BORO PD,NJ0101100,1363
HUNTERDON,HIGH BRIDGE BORO PD,NJ0101400,3528
HUNTERDON,HOLLAND TWP PD,NJ0101500,5128
HUNTERDON,HUNTERDON CO PROSECUTOR' OFFICE,NJ0108900,0
HUNTERDON,HUNTERDON CO SHERIFF'S DEPT,NJ0100000,0
HUNTERDON,LAMBERTVILLE CITY PD,NJ0101700,3811
HUNTERDON,LEBANON TWP PD,NJ0101900,6070
HUNTERDON,RARITAN TWP PD,NJ0102100,22092
HUNTERDON,READINGTON PD,NJ0102200,15941
HUNTERDON,STATE POLICE HUNTERDON COUNTY,NJ010SP00,27552
HUNTERDON,TEWKSBURY TWP PD,NJ0102400,5825
HUNTERDON,WEST AMWELL TWP PD,NJ0102600,2757
MERCER,COLLEGE OF NEW JERSEY,NJ0111800,0
MERCER,DEPT OF CORRECTIONS,NJ0225500,0
MERCER,EAST WINDSOR TWP PD,NJ0110100,27401
MERCER,EWING TWP PD,NJ0110200,36142
MERCER,HAMILTON TWP PD,NJ0110300,87889
MERCER,HIGHTSTOWN PD,NJ0110400,5289
MERCER,HOPEWELL BOROUGH,NJ0110500,1921
MERCER,HOPEWELL TWP PD,NJ0110600,18000
MERCER,LAWRENCE TWP PD,NJ0110700,32644
MERCER,MERCER CO PROSECUTOR' OFF/ID UNIT,NJ0118900,0
MERCER,MERCER CO SHERIFF'S DEPT,NJ0110000,0
MERCER,NJ DEPARTMENT OF HUMAN SERVICES,NJ0111900,0
MERCER,NJ DIV CRIMINAL JUSTICE - TRENTON,NJ0227500,0
MERCER,NJ DIVISION OF FISH & WILDLIFE,NJ0111700,0
MERCER,NJ PARK POLICE,NJ0225400,0
MERCER,PENNINGTON BORO PD,NJ0110800,2554
MERCER,PRINCETON PD,NJ0111000,31856
MERCER,PRINCETON UNIVERSITY POLICE,NJ011509E,0
MERCER,ROBBINSVILLE TOWNSHIP POLICE,NJ0111200,14710
MERCER,STATE POLICE,NJNSP2200,0
MERCER,STATE POLICE MERCER COUNTY,NJ011SP00,0
MERCER,TRENTON PD,NJ0111100,83753
MERCER,WEST WINDSOR TWP PD,NJ0111300,28277
MIDDLESEX,CARTERET PD,NJ0120100,23921
MIDDLESEX,CRANBURY TWP PD,NJ0120200,3900
MIDDLESEX,DUNELLEN PD,NJ0120300,7328
MIDDLESEX,EAST BRUNSWICK TWP PD,NJ0120400,48342
MIDDLESEX,EDISON TWP PD,NJ0120500,101309
MIDDLESEX,HELMETTA PD,NJ0120600,2198
MIDDLESEX,HIGHLAND PARK PD,NJ0120700,13989
MIDDLESEX,JAMESBURG PD,NJ0120800,6006
MIDDLESEX,METUCHEN PD,NJ0121000,14262
MIDDLESEX,MIDDLESEX BORO PD,NJ0121100,13704
MIDDLESEX,MIDDLESEX CO COLLEGE PD,NJ0122600,0
MIDDLESEX,MIDDLESEX CO PROSECUTOR'S OFFICE,NJ0128900,0
MIDDLESEX,MIDDLESEX CO SHERIFF'S DEPT,NJ0120000,0
MIDDLESEX,MILLTOWN PD,NJ0121200,7099
MIDDLESEX,MONROE TWP PD,NJ0121300,45597
MIDDLESEX,NEW BRUNSWICK PD,NJ0121400,56577
MIDDLESEX,NORTH BRUNSWICK TWP PD,NJ0121500,42205
MIDDLESEX,OLD BRIDGE TWP PD,NJ0120900,66321
MIDDLESEX,PERTH AMBOY PD,NJ0121600,52347
MIDDLESEX,PISCATAWAY TWP PD,NJ0121700,57342
MIDDLESEX,PLAINSBORO TWP PD,NJ0121800,23243
MIDDLESEX,RUTGERS UNIVERSITY PD,NJ0123000,0
MIDDLESEX,SAYREVILLE PD,NJ0121900,45062
MIDDLESEX,SOUTH AMBOY PD,NJ0122000,8764
MIDDLESEX,SOUTH BRUNSWICK TWP PD,NJ0122100,46340
MIDDLESEX,SOUTH PLAINFIELD PD,NJ0122200,24238
MIDDLESEX,SOUTH RIVER PD,NJ0122300,16159
MIDDLESEX,SPOTSWOOD PD,NJ0122400,8364
MIDDLESEX,STATE POLICE MIDDLESEX COUNTY,NJ012SP00,0
MIDDLESEX,WOODBRIDGE TWP PD,NJ0122500,100884
MONMOUTH,ABERDEEN TWP PD,NJ0133000,18378
MONMOUTH,ALLENHURST PD,NJ0130100,488
MONMOUTH,ALLENTOWN BORO PD,NJ0130200,1809
MONMOUTH,ASBURY PARK PD,NJ0130300,15717
MONMOUTH,ATLANTIC HIGHLANDS PD,NJ0130500,4302
MONMOUTH,AVON-BY-THE-SEA PD,NJ0130600,1780
MONMOUTH,BELMAR PD,NJ0130700,5666
MONMOUTH,BRADLEY BEACH PD,NJ0130800,4214
MONMOUTH,BRIELLE PD,NJ0130900,4719
MONMOUTH,BROOKDALE COLLEGE PD,NJ0135600,0
MONMOUTH,COLTS NECK PD,NJ0130400,9944
MONMOUTH,DEAL PD,NJ0131000,730
MONMOUTH,EATONTOWN PD,NJ0131100,12364
MONMOUTH,ENGLISHTOWN PD,NJ0131200,1959
MONMOUTH,FAIR HAVEN PD,NJ0131300,5927
MONMOUTH,FREEHOLD BORO PD,NJ0131500,11873
MONMOUTH,FREEHOLD TWP PD,NJ0131600,34896
MONMOUTH,HAZLET TWP PD,NJ0133900,19970
MONMOUTH,HIGHLANDS PD,NJ0131700,4794
MONMOUTH,HOLMDEL PD,NJ0131800,16621
MONMOUTH,HOWELL TWP PD,NJ0131900,52672
MONMOUTH,INTERLAKEN PD,NJ0132000,798
MONMOUTH,KEANSBURG PD,NJ0132100,9766
MONMOUTH,KEYPORT PD,NJ0132200,7065
MONMOUTH,LAKE COMO BORO PD,NJ0134700,1710
MONMOUTH,LITTLE SILVER PD,NJ0132300,5898
MONMOUTH,LOCH ARBOUR VILLAGE PD,NJ0132400,181
MONMOUTH,LONG BRANCH PD,NJ0132500,30750
MONMOUTH,MANALAPAN TWP PD,NJ0132600,40150
MONMOUTH,MANASQUAN PD,NJ0132700,5903
MONMOUTH,MARLBORO TWP PD,NJ0132800,40338
MONMOUTH,MATAWAN PD,NJ0132900,8864
MONMOUTH,MIDDLETOWN PD,NJ0133100,65469
MONMOUTH,MONMOUTH BEACH PD,NJ0133300,3231
MONMOUTH,MONMOUTH CO PROSECUTOR'S OFFICE,NJ0138900,0
MONMOUTH,MONMOUTH CO SHERIFF'S DEPT,NJ0130000,0
MONMOUTH,MONMOUTH UNIVERSITY PD,NJ013559E,0
MONMOUTH,NEPTUNE CITY PD,NJ0133500,4694
MONMOUTH,NEPTUNE TWP PD,NJ0133400,27825
MONMOUTH,OCEAN TWP PD,NJ0133700,26947
MONMOUTH,OCEANPORT PD,NJ0133800,5742
MONMOUTH,RED BANK PD,NJ0134000,12128
MONMOUTH,RUMSON PD,NJ0134200,6835
MONMOUTH,SEA BRIGHT PD,NJ0134300,1379
MONMOUTH,SEA GIRT PD,NJ0134400,1766
MONMOUTH,SHREWSBURY PD,NJ0134500,4170
MONMOUTH,SPRING LAKE HEIGHTS PD,NJ0134900,4607
MONMOUTH,SPRING LAKE PD,NJ0134800,2958
MONMOUTH,STATE POLICE MONMOUTH COUNTY,NJ013SP00,11814
MONMOUTH,TINTON FALLS PD,NJ0133600,17754
MONMOUTH,UNION BEACH PD,NJ0135000,5469
MONMOUTH,WALL TWP PD,NJ0135200,25955
MONMOUTH,WEST LONG BRANCH PD,NJ0135300,7957
MORRIS,BOONTON PD,NJ0140100,8236
MORRIS,BOONTON TWP PD,NJ0140200,4299
MORRIS,BUTLER BORO PD,NJ0140300,7679
MORRIS,CHATHAM BORO PD,NJ0140400,8793
MORRIS,CHATHAM TWP PD,NJ0140500,10288
MORRIS,CHESTER BORO PD,NJ0140600,1643
MORRIS,CHESTER TWP PD,NJ0140700,7809
MORRIS,DENVILLE PD,NJ0140800,16737
MORRIS,DOVER PD,NJ0140900,17982
MORRIS,EAST HANOVER TWP PD,NJ0141000,11084
MORRIS,FLORHAM PARK PD,NJ0141100,11602
MORRIS,HANOVER TWP PD,NJ0141200,14583
MORRIS,HARDING TWP PD,NJ0141300,3824
MORRIS,JEFFERSON TWP PD,NJ0141400,21071
MORRIS,KINNELON BORO PD,NJ0141500,10080
MORRIS,LINCOLN PARK PD,NJ0141600,10308
MORRIS,LONG HILL TWP PD,NJ0143000,8587
MORRIS,MADISON PD,NJ0141700,15832
MORRIS,MENDHAM BORO PD,NJ0141800,4905
MORRIS,MENDHAM TWP PD,NJ0141900,5757
MORRIS,MINE HILL TWP PD,NJ0142000,3534
MORRIS,MONTVILLE TWP PD,NJ0142100,21396
MORRIS,MORRIS CO PROSECUTOR' S OFFICE,NJ0148900,0
MORRIS,MORRIS CO SHERIFF'S DEPT,NJ0140000,0
MORRIS,MORRIS COUNTY PARK PD,NJ0149100,0
MORRIS,MORRIS PLAINS PD,NJ0142300,5509
MORRIS,MORRIS TWP PD,NJ0142200,22183
MORRIS,MORRISTOWN PD,NJ0142400,18860
MORRIS,MOUNT ARLINGTON BORO PD,NJ0142600,5914
MORRIS,MOUNT OLIVE TWP PD,NJ0142700,28994
MORRIS,MOUNTAIN LAKES PD,NJ0142500,4308
MORRIS,NETCONG BORO PD,NJ0142800,3182
MORRIS,PARSIPPANY-TROY HILLS PD,NJ0142900,52447
MORRIS,PEQUANNOCK PD,NJ0143100,15177
MORRIS,RANDOLPH TWP PD,NJ0143200,25552
MORRIS,RIVERDALE PD,NJ0143300,4293
MORRIS,ROCKAWAY BORO PD,NJ0143400,6388
MORRIS,ROCKAWAY TWP PD,NJ0143500,25328
MORRIS,ROXBURY TWP PD,NJ0143600,23010
MORRIS,STATE POLICE MORRIS COUNTY,NJ014SP00,1495
MORRIS,WASHINGTON TWP PD,NJ0143800,18484
MORRIS,WHARTON BORO PD,NJ0143900,6482
OCEAN,BARNEGAT LIGHT BORO,NJ0150100,580
OCEAN,BARNEGAT TWP PD,NJ0153300,22777
OCEAN,BAYHEAD BORO PD,NJ0150200,971
OCEAN,BEACH HAVEN PD,NJ0150300,1169
OCEAN,BEACHWOOD BORO PD,NJ0150400,11146
OCEAN,BERKELEY TWP PD,NJ0150500,41331
OCEAN,BRICK TWP PD,NJ0150600,74712
OCEAN,HARVEY CEDARS BORO PD,NJ0150900,338
OCEAN,ISLAND HEIGHTS BORO PD,NJ0151000,1652
OCEAN,JACKSON TWP PD,NJ0151100,56706
OCEAN,LACEY TWP PD,NJ0151200,28654
OCEAN,LAKEHURST BORO PD,NJ0151300,2672
OCEAN,LAKEWOOD PD,NJ0151400,102915
OCEAN,LAVALLETTE PD,NJ0151500,1824
OCEAN,LITTLE EGG HARBOR TWP PD,NJ0151600,21087
OCEAN,LONG BEACH TWP PD,NJ0151700,3029
OCEAN,MANCHESTER TWP PD,NJ0151800,42939
OCEAN,MANTOLOKING BORO PD,NJ0151900,249
OCEAN,OCEAN CO PROSECUTOR'S OFFICE,NJ0158900,0
OCEAN,OCEAN CO SHERIFF'S DEPT,NJ0150000,0
OCEAN,OCEAN TWP PD,NJ0152000,9045
OCEAN,OCEANGATE BORO PD,NJ0152100,2001
OCEAN,PINE BEACH BORO PD,NJ0152200,2148
OCEAN,PLUMSTED TWP PD,NJ0152300,8460
OCEAN,POINT PLEASANT BEACH PD,NJ0152500,4472
OCEAN,POINT PLEASANT BORO PD,NJ0152400,18474
OCEAN,SEASIDE HEIGHTS PD,NJ0152600,2872
OCEAN,SEASIDE PARK PD,NJ0152700,1526
OCEAN,SHIP BOTTOM BORO PD,NJ0152800,1129
OCEAN,SOUTH TOMS RIVER PD,NJ0152900,3740
OCEAN,STAFFORD TWP PD,NJ0153000,27141
OCEAN,STATE POLICE OCEAN COUNTY,NJ015SP00,0
OCEAN,SURF CITY PD,NJ0153100,1174
OCEAN,TOMS RIVER TOWNSHIP,NJ0150700,92191
OCEAN,TUCKERTON BORO PD,NJ0153200,3336
PASSAIC,BLOOMINGDALE BORO PD,NJ0160100,8211
PASSAIC,CLIFTON PD,NJ0160200,85732
PASSAIC,HALEDON PD,NJ0160300,8363
PASSAIC,HAWTHORNE PD,NJ0160400,18874
PASSAIC,LITTLE FALLS PD,NJ0160500,14306
PASSAIC,NORTH HALEDON PD,NJ0160600,8469
PASSAIC,PASSAIC CO PROSECUTOR'S OFFICE,NJ0168900,0
PASSAIC,PASSAIC CO SHERIFF'S DEPT,NJ0160000,0
PASSAIC,PASSAIC PD,NJ0160700,70435
PASSAIC,PATERSON PD,NJ0160800,146893
PASSAIC,PEAPACK-GLADSTONE PD,NJ0181500,2588
PASSAIC,POMPTON LAKES BORO PD,NJ0160900,11062
PASSAIC,PROSPECT PARK BORO PD,NJ0161000,5893
PASSAIC,RINGWOOD BORO PD,NJ0161100,12303
PASSAIC,STATE POLICE PASSAIC COUNTY,NJ016SP00,0
PASSAIC,TOTOWA BORO  PD,NJ0161200,10666
PASSAIC,WANAQUE BORO PD,NJ0161300,11960
PASSAIC,WAYNE PD,NJ0161400,54340
PASSAIC,WEST MILFORD PD,NJ0161500,26560
PASSAIC,WILLIAM PATERSON UNIVERSITY PD,NJ0161700,0
PASSAIC,WOODLAND PARK BORO PD,NJ0161600,12799
SALEM,CARNEY'S POINT PD,NJ0171300,7655
SALEM,ELMER BORO PD,NJ0170200,1301
SALEM,ELSINBORO TWP PD,NJ0170300,968
SALEM,LOWER ALLOWAYS CREEK TWP PD,NJ0170400,1676
SALEM,PENNS GROVE PD,NJ0170800,4790
SALEM,PENNSVILLE PD,NJ0170500,12378
SALEM,SALEM CO PROSECUTOR'S OFFICE,NJ0178900,0
SALEM,SALEM CO SHERIFF'S DEPT,NJ0170000,0
SALEM,SALEM PD,NJ0171200,4726
SALEM,STATE POLICE SALEM COUNTY,NJ017SP00,24532
SALEM,WOODSTOWN BORO PD,NJ0171500,3447
SOMERSET,BEDMINSTER TWP PD,NJ0180100,8126
SOMERSET,BERNARDS TWP PD,NJ0180200,26813
SOMERSET,BERNARDSVILLE PD,NJ0180300,7742
SOMERSET,BOUND BROOK PD,NJ0180400,10360
SOMERSET,BRANCHBURG TWP PD,NJ0180500,14577
SOMERSET,BRIDGEWATER TWP PD,NJ0180600,45050
SOMERSET,FAR HILLS PD,NJ0180700,918
SOMERSET,FRANKLIN TWP PD,NJ0180800,66624
SOMERSET,GREEN BROOK PD,NJ0180900,7138
SOMERSET,HILLSBOROUGH TWP PD,NJ0181000,39796
SOMERSET,MANVILLE PD,NJ0181100,10308
SOMERSET,MONTGOMERY TWP PD,NJ0181300,23515
SOMERSET,NORTH PLAINFIELD PD,NJ0181400,21834
SOMERSET,RARITAN PD,NJ0181600,8098
SOMERSET,SOMERSET CO PROSECUTOR'S OFFICE,NJ0188900,0
SOMERSET,SOMERSET CO SHERIFF'S DEPT,NJ0180000,0
SOMERSET,SOMERVILLE PD,NJ0181800,12326
SOMERSET,SOUTH BOUND BROOK PD,NJ0181900,4621
SOMERSET,STATE POLICE SOMERSET COUNTY,NJ018SP00,0
SOMERSET,WARREN TWP PD,NJ0182000,15951
SOMERSET,WATCHUNG PD,NJ0182100,5939
SUSSEX,ANDOVER TWP PD,NJ0190200,5936
SUSSEX,BYRAM TWP PD,NJ0190400,7925
SUSSEX,FRANKLIN BORO PD,NJ0190600,4735
SUSSEX,HAMBURG PD,NJ0190900,3109
SUSSEX,HARDYSTON TWP POLICE DEPT,NJ0191100,7823
SUSSEX,HOPATCONG PD,NJ0191200,14183
SUSSEX,NEWTON PD,NJ0191500,7824
SUSSEX,OGDENSBURG PD,NJ0191600,2262
SUSSEX,SPARTA PD,NJ0191800,18694
SUSSEX,STANHOPE PD,NJ0191900,3306
SUSSEX,STATE POLICE SUSSEX COUNTY,NJ019SP00,40860
SUSSEX,SUSSEX CO PROSECUTOR'S OFFICE,NJ0198900,0
SUSSEX,SUSSEX CO SHERIFF'S DEPT,NJ0190000,0
SUSSEX,VERNON TWP PD,NJ0192200,22057
UNION,BERKELEY HEIGHTS PD,NJ0200100,13646
UNION,CLARK PD,NJ0200200,16079
UNION,CRANFORD PD,NJ0200300,24353
UNION,ELIZABETH PD,NJ0200400,129080
UNION,FANWOOD PD,NJ0200500,7768
UNION,GARWOOD PD,NJ0200600,4370
UNION,HILLSIDE PD,NJ0200700,22078
UNION,KEAN UNIVERSITY PD,NJ0202400,0
UNION,KENILWORTH PD,NJ0200800,8249
UNION,LINDEN PD,NJ0200900,42806
UNION,MOUNTAINSIDE PD,NJ0201000,6925
UNION,NEW PROVIDENCE PD,NJ0201100,13283
UNION,PLAINFIELD PD,NJ0201200,50820
UNION,RAHWAY PD,NJ0201300,30113
UNION,ROSELLE PARK PD,NJ0201500,13698
UNION,ROSELLE PD,NJ0201400,21787
UNION,SCOTCH PLAINS PD,NJ0201600,24423
UNION,SPRINGFIELD TWP PD,NJ0201700,17762
UNION,STATE POLICE UNION COUNTY,NJ020SP00,0
UNION,SUMMIT PD,NJ0201800,22125
UNION,UNION CO PD,NJ0209100,0
UNION,UNION CO PROSECUTOR'S OFFICE,NJ0208900,0
UNION,UNION CO SHERIFF'S OFFICE,NJ0200000,0
UNION,UNION TWP PD,NJ0201900,58861
UNION,WESTFIELD PD,NJ0202000,30011
UNION,WINFIELD PD,NJ0202100,1514
WARREN,ALPHA PD,NJ0210200,2288
WARREN,BELVIDERE PD,NJ0210300,2592
WARREN,BLAIRSTOWN TWP PD,NJ0210400,5787
WARREN,GREENWICH TWP PD,NJ0210700,5510
WARREN,HACKETTSTOWN PD,NJ0210800,9530
WARREN,INDEPENDENCE TWP PD,NJ0211200,5495
WARREN,LOPATCONG TWP PD,NJ0211500,8384
WARREN,MANSFIELD TWP PD,NJ0211600,7431
WARREN,OXFORD TWP PD,NJ0211700,2446
WARREN,PHILLIPSBURG PD,NJ0211900,14395
WARREN,POHATCONG PD,NJ0212000,3217
WARREN,STATE POLICE WARREN COUNTY,NJ021SP00,25002
WARREN,WARREN CO PROSECUTOR'S OFFICE,NJ0218900,0
WARREN,WARREN CO SHERIFF'S DEPT,NJ0210000,0
WARREN,WASHINGTON BORO PD,NJ0212100,6535
WARREN,WASHINGTON TWP PD,NJ0212200,6434
